NAME,POS,TEAM,RTG,OPP,DEF_RTG,h/a,DK salary,DK points
COOPER KUPP,WR,LAR,99.0,SF,-0.16379310344828468,away,9500,26.2
CHRISTIAN MCCAFFREY,RB,CAR,89.0,ARI,-3.198275862068968,away,8400,26.1
JONATHAN TAYLOR,RB,IND,94.0,JAX,1.4913793103448114,home,8100,27.6
DALVIN COOK,RB,MIN,86.0,LAC,0.38793103448274735,away,8000,20.8
DAVANTE ADAMS,WR,GB,90.0,SEA,1.2155172413793025,home,7900,14.8
JOSH ALLEN,QB,BUF,98.0,NYJ,3.1465517241379217,away,7900,24.94
NAJEE HARRIS,RB,PIT,92.0,DET,2.8706896551723986,home,7900,20.3
AJ BROWN,WR,TEN,83.0,NO,-1.2672413793103487,home,7800,3.3
LAMAR JACKSON,QB,BAL,99.0,MIA,1.7672413793103345,away,7800,16.42
JUSTIN JEFFERSON,WR,MIN,86.0,LAC,0.38793103448274735,away,7700,25.9
TYREEK HILL,WR,KC,91.0,LV,-0.4396551724138078,away,7700,27.5
TERRY MCLAURIN,WR,WAS,86.0,TB,-0.4396551724138078,home,7600,11.9
AUSTIN EKELER,RB,LAC,92.0,MIN,1.2155172413793025,home,7600,14.9
TOM BRADY,QB,TB,96.0,WAS,2.0431034482758577,away,7600,15.0
STEFON DIGGS,WR,BUF,84.0,NYJ,3.1465517241379217,away,7500,33.2
DEEBO SAMUEL,WR,SF,92.0,LAR,-0.7155172413793167,home,7400,30.3
JUSTIN HERBERT,QB,LAC,96.0,MIN,1.2155172413793025,home,7300,13.0
PATRICK MAHOMES,QB,KC,94.0,LV,-0.4396551724138078,away,7200,39.24
AARON RODGERS,QB,GB,90.0,SEA,1.2155172413793025,home,7100,11.48
CHRIS GODWIN,WR,TB,89.0,WAS,2.0431034482758577,away,7100,12.7
EZEKIEL ELLIOTT,RB,DAL,87.0,ATL,1.4913793103448114,home,7000,21.76
CEEDEE LAMB,WR,DAL,86.0,ATL,1.4913793103448114,home,7000,28.6
KEENAN ALLEN,WR,LAC,86.0,MIN,1.2155172413793025,home,7000,17.8
MATTHEW STAFFORD,QB,LAR,95.0,SF,-0.16379310344828468,away,7000,11.82
TRAVIS KELCE,TE,KC,99.0,LV,-0.4396551724138078,away,6900,22.9
MIKE EVANS,WR,TB,87.0,WAS,2.0431034482758577,away,6900,14.2
AARON JONES,RB,GB,87.0,SEA,1.2155172413793025,home,6900,12.6
DAK PRESCOTT,QB,DAL,94.0,ATL,1.4913793103448114,home,6900,26.34
DK METCALF,WR,SEA,88.0,GB,-1.5431034482758719,away,6800,5.6
D'ANDRE SWIFT,RB,DET,89.0,PIT,-0.9913793103448398,away,6800,19.5
DIONTAE JOHNSON,WR,PIT,86.0,DET,2.8706896551723986,home,6800,14.3
RUSSELL WILSON,QB,SEA,91.0,GB,-1.5431034482758719,away,6700,7.64
ADAM THIELEN,WR,MIN,86.0,LAC,0.38793103448274735,away,6700,11.5
MARQUISE BROWN,WR,BAL,89.0,MIA,1.7672413793103345,away,6700,9.7
MIKE WILLIAMS,WR,LAC,86.0,MIN,1.2155172413793025,home,6600,7.3
CORDARRELLE PATTERSON,RB,ATL,91.0,DAL,0.9396551724137794,away,6600,4.9
TYLER LOCKETT,WR,SEA,84.0,GB,-1.5431034482758719,away,6500,4.3
JALEN HURTS,QB,PHI,94.0,DEN,-2.370689655172427,away,6500,19.42
DARRELL HENDERSON,RB,LAR,83.0,SF,-0.16379310344828468,away,6400,8.1
DJ MOORE,WR,CAR,85.0,ARI,-3.198275862068968,away,6300,6.4
MICHAEL PITTMAN,WR,IND,86.0,JAX,1.4913793103448114,home,6300,12.1
DARREN WALLER,TE,LV,94.0,KC,1.2155172413793025,home,6300,6.4
JAMES CONNER,RB,ARI,84.0,CAR,-2.922413793103459,home,6300,15.4
JOSH JACOBS,RB,LV,84.0,KC,1.2155172413793025,home,6200,8.6
JAMES ROBINSON,RB,JAX,86.0,IND,0.38793103448274735,away,6200,18.4
AMARI COOPER,WR,DAL,85.0,ATL,1.4913793103448114,home,6200,9.1
RYAN TANNEHILL,QB,TEN,88.0,NO,-1.2672413793103487,home,6200,18.62
LEONARD FOURNETTE,RB,TB,83.0,WAS,2.0431034482758577,away,6100,17.2
KIRK COUSINS,QB,MIN,91.0,LAC,0.38793103448274735,away,6100,18.46
DEREK CARR,QB,LV,91.0,KC,1.2155172413793025,home,6000,19.24
GEORGE KITTLE,TE,SF,92.0,LAR,-0.7155172413793167,home,6000,16.0
MYLES GASKIN,RB,MIA,81.0,BAL,0.9396551724137794,home,6000,5.5
MATT RYAN,QB,ATL,85.0,DAL,0.9396551724137794,away,6000,2.68
DEVONTA SMITH,WR,PHI,80.0,DEN,-2.370689655172427,away,5900,22.6
CARSON WENTZ,QB,IND,85.0,JAX,1.4913793103448114,home,5900,7.1
MARVIN JONES,WR,JAX,79.0,IND,0.38793103448274735,away,5800,5.5
KYLE PITTS,TE,ATL,91.0,DAL,0.9396551724137794,away,5800,10.0
MARK ANDREWS,TE,BAL,97.0,MIA,1.7672413793103345,away,5700,18.3
ELIJAH MITCHELL,RB,SF,85.0,LAR,-0.7155172413793167,home,5700,9.1
EMMANUEL SANDERS,WR,BUF,80.0,NYJ,3.1465517241379217,away,5700,7.1
MICHAEL CARTER,RB,NYJ,82.0,BUF,-4.853448275862078,home,5600,18.2
TUA TAGOVAILOA,QB,MIA,87.0,BAL,0.9396551724137794,home,5600,12.32
COURTLAND SUTTON,WR,DEN,81.0,PHI,0.6637931034482705,home,5600,4.9
CHRISTIAN KIRK,WR,ARI,82.0,CAR,-2.922413793103459,home,5500,12.8
ANTONIO GIBSON,RB,WAS,81.0,TB,-0.4396551724138078,home,5500,21.8
TJ HOCKENSON,TE,DET,92.0,PIT,-0.9913793103448398,away,5500,0.0
JAYLEN WADDLE,WR,MIA,82.0,BAL,0.9396551724137794,home,5500,10.1
TEDDY BRIDGEWATER,QB,DEN,80.0,PHI,0.6637931034482705,home,5500,9.04
JIMMY GAROPPOLO,QB,SF,87.0,LAR,-0.7155172413793167,home,5500,15.38
JEREMY MCNICHOLS,RB,TEN,77.0,NO,-1.2672413793103487,home,5500,1.8
TAYLOR HEINICKE,QB,WAS,87.0,TB,-0.4396551724138078,home,5400,15.74
BAKER MAYFIELD,QB,CLE,85.0,NE,-1.5431034482758719,away,5400,5.92
DARREL WILLIAMS,RB,KC,77.0,LV,-0.4396551724138078,away,5400,32.4
CHUBA HUBBARD,RB,CAR,78.0,ARI,-3.198275862068968,away,5400,8.7
JERRY JEUDY,WR,DEN,79.0,PHI,0.6637931034482705,home,5300,11.1
MELVIN GORDON,RB,DEN,77.0,PHI,0.6637931034482705,home,5300,10.3
MAC JONES,QB,NE,83.0,CLE,-1.5431034482758719,home,5300,19.92
TREVOR LAWRENCE,QB,JAX,84.0,IND,0.38793103448274735,away,5300,10.78
JARVIS LANDRY,WR,CLE,78.0,NE,-1.5431034482758719,away,5200,6.6
TAYSOM HILL,TE,NO,76.0,TEN,0.11206896551723844,away,5200,5.24
ALEX COLLINS,RB,SEA,77.0,GB,-1.5431034482758719,away,5200,5.9
JARED GOFF,QB,DET,84.0,PIT,-0.9913793103448398,away,5200,4.56
TREVOR SIEMIAN,QB,NO,80.0,TEN,0.11206896551723844,away,5200,19.92
COLE BEASLEY,WR,BUF,78.0,NYJ,3.1465517241379217,away,5200,3.5
JD MCKISSIC,RB,WAS,77.0,TB,-0.4396551724138078,home,5200,7.9
HUNTER RENFROW,WR,LV,81.0,KC,1.2155172413793025,home,5100,17.6
MARQUEZ CALLAWAY,WR,NO,77.0,TEN,0.11206896551723844,away,5100,11.7
ZACK MOSS,RB,BUF,80.0,NYJ,3.1465517241379217,away,5100,8.7
JACOBY BRISSETT,QB,MIA,78.0,BAL,0.9396551724137794,home,5100,6.64
MIKE WHITE,QB,NYJ,85.0,BUF,-4.853448275862078,home,5100,6.04
KENYAN DRAKE,RB,LV,77.0,KC,1.2155172413793025,home,5100,5.1
PJ WALKER,QB,CAR,66.0,ARI,-3.198275862068968,away,5000,7.28
NYHEIM HINES,RB,IND,75.0,JAX,1.4913793103448114,home,5000,4.9
DEVONTA FREEMAN,RB,BAL,73.0,MIA,1.7672413793103345,away,5000,8.8
COLT MCCOY,QB,ARI,70.0,CAR,-2.922413793103459,home,5000,2.18
JAVONTE WILLIAMS,RB,DEN,79.0,PHI,0.6637931034482705,home,5000,6.9
CARLOS HYDE,RB,JAX,73.0,IND,0.38793103448274735,away,5000,1.4
JEFF WILSON,RB,SF,73.0,LAR,-0.7155172413793167,home,5000,2.8
DALTON SCHULTZ,TE,DAL,89.0,ATL,1.4913793103448114,home,5000,2.4
RUSSELL GAGE,WR,ATL,74.0,DAL,0.9396551724137794,away,5000,0.0
MIKE GESICKI,TE,MIA,90.0,BAL,0.9396551724137794,home,4900,0.0
BOSTON SCOTT,RB,PHI,70.0,DEN,-2.370689655172427,away,4900,12.5
COREY DAVIS,WR,NYJ,82.0,BUF,-4.853448275862078,home,4900,13.3
KALIF RAYMOND,WR,DET,76.0,PIT,-0.9913793103448398,away,4900,6.9
TIM PATRICK,WR,DEN,80.0,PHI,0.6637931034482705,home,4900,4.4
JORDAN HOWARD,RB,PHI,73.0,DEN,-2.370689655172427,away,4900,8.3
CASE KEENUM,QB,CLE,69.0,NE,-1.5431034482758719,away,4900,3.24
ADRIAN PETERSON,RB,TEN,73.0,NO,-1.2672413793103487,home,4900,3.0
AJ DILLON,RB,GB,75.0,SEA,1.2155172413793025,home,4800,26.8
JAMISON CROWDER,WR,NYJ,80.0,BUF,-4.853448275862078,home,4800,5.0
DONOVAN PEOPLESJONES,WR,CLE,77.0,NE,-1.5431034482758719,away,4800,2.6
COOPER RUSH,QB,DAL,79.0,ATL,1.4913793103448114,home,4800,0.08
JAKOBI MEYERS,WR,NE,78.0,CLE,-1.5431034482758719,home,4800,14.9
ELIJAH MOORE,WR,NYJ,76.0,BUF,-4.853448275862078,home,4700,13.4
LE'VEON BELL,RB,BAL,73.0,MIA,1.7672413793103345,away,4700,0.1
DALLAS GOEDERT,TE,PHI,85.0,DEN,-2.370689655172427,away,4700,4.8
DEVIN SINGLETARY,RB,BUF,76.0,NYJ,3.1465517241379217,away,4700,11.9
D'ERNEST JOHNSON,RB,CLE,71.0,NE,-1.5431034482758719,away,4700,22.7
BRANDON AIYUK,WR,SF,73.0,LAR,-0.7155172413793167,home,4700,5.6
TY HILTON,WR,IND,75.0,JAX,1.4913793103448114,home,4700,1.5
KENNY GAINWELL,RB,PHI,73.0,DEN,-2.370689655172427,away,4700,2.4
TONY POLLARD,RB,DAL,78.0,ATL,1.4913793103448114,home,4600,15.8
KENDRICK BOURNE,WR,NE,77.0,CLE,-1.5431034482758719,home,4600,24.1
MIKE DAVIS,RB,ATL,73.0,DAL,0.9396551724137794,away,4600,1.8
AJ GREEN,WR,ARI,75.0,CAR,-2.922413793103459,home,4600,1.4
LAVISKA SHENAULT,WR,JAX,75.0,IND,0.38793103448274735,away,4600,5.1
ZACH ERTZ,TE,ARI,83.0,CAR,-2.922413793103459,home,4600,8.6
TRAVIS HOMER,RB,SEA,70.0,GB,-1.5431034482758719,away,4500,5.5
ALEXANDER MATTISON,RB,MIN,76.0,LAC,0.38793103448274735,away,4500,5.0
TY JOHNSON,RB,NYJ,77.0,BUF,-4.853448275862078,home,4500,8.8
DAWSON KNOX,TE,BUF,93.0,NYJ,3.1465517241379217,away,4500,2.7
MARK INGRAM,RB,NO,71.0,TEN,0.11206896551723844,away,4500,20.8
JOE FLACCO,QB,NYJ,71.0,BUF,-4.853448275862078,home,4500,5.88
ZACH PASCAL,WR,IND,76.0,JAX,1.4913793103448114,home,4500,2.9
RHAMONDRE STEVENSON,RB,NE,74.0,CLE,-1.5431034482758719,home,4500,30.4
JAMAL AGNEW,WR,JAX,75.0,IND,0.38793103448274735,away,4500,13.9
ROBBY ANDERSON,WR,CAR,72.0,ARI,-3.198275862068968,away,4400,13.7
RONDALE MOORE,WR,ARI,76.0,CAR,-2.922413793103459,home,4400,3.1
BRANDON BOLDEN,RB,NE,73.0,CLE,-1.5431034482758719,home,4400,10.0
OLAMIDE ZACCHEAUS,WR,ATL,72.0,DAL,0.9396551724137794,away,4400,4.2
ENO BENJAMIN,RB,ARI,70.0,CAR,-2.922413793103459,home,4400,2.2
ALLEN LAZARD,WR,GB,73.0,SEA,1.2155172413793025,home,4400,1.6
RANDALL COBB,WR,GB,73.0,SEA,1.2155172413793025,home,4300,5.1
TREY SERMON,RB,SF,70.0,LAR,-0.7155172413793167,home,4300,0.0
SONY MICHEL,RB,LAR,71.0,SF,-0.16379310344828468,away,4300,5.1
GIOVANI BERNARD,RB,TB,71.0,WAS,2.0431034482758577,away,4300,1.8
NOAH FANT,TE,DEN,87.0,PHI,0.6637931034482705,home,4300,10.9
SAMMY WATKINS,WR,BAL,73.0,MIA,1.7672413793103345,away,4300,0.7
TRE'QUAN SMITH,WR,NO,74.0,TEN,0.11206896551723844,away,4300,14.4
RASHOD BATEMAN,WR,BAL,76.0,MIA,1.7672413793103345,away,4200,14.0
JALEN RICHARD,RB,LV,71.0,KC,1.2155172413793025,home,4200,1.3
JOSH ROSEN,QB,ATL,71.0,DAL,0.9396551724137794,away,4200,-0.44
BRYAN EDWARDS,WR,LV,74.0,KC,1.2155172413793025,home,4200,17.8
MASON RUDOLPH,QB,PIT,71.0,DET,2.8706896551723986,home,4100,16.28
VAN JEFFERSON,WR,LAR,77.0,SF,-0.16379310344828468,away,4100,8.4
HUNTER HENRY,TE,NE,85.0,CLE,-1.5431034482758719,home,4100,19.7
DEEJAY DALLAS,RB,SEA,68.0,GB,-1.5431034482758719,away,4100,0.0
TYLER HIGBEE,TE,LAR,83.0,SF,-0.16379310344828468,away,4000,11.0
NELSON AGHOLOR,WR,NE,74.0,CLE,-1.5431034482758719,home,4000,4.1
FELEIPE FRANKS,TE,ATL,65.0,DAL,0.9396551724137794,away,4000,0.0
KYLE JUSZCZYK,FB,SF,72.0,LAR,-0.7155172413793167,home,4000,1.6
ALEC INGOLD,FB,LV,72.0,KC,1.2155172413793025,home,4000,1.5
KEITH SMITH,FB,ATL,71.0,DAL,0.9396551724137794,away,4000,0.5
MICHAEL BURTON,FB,KC,66.0,LV,-0.4396551724138078,away,4000,0.0
JAKOB JOHNSON,FB,NE,69.0,CLE,-1.5431034482758719,home,4000,0.0
ALEX ARMAH,FB,WAS,72.0,TB,-0.4396551724138078,away,4000,0.0
REGGIE GILLIAM,FB,BUF,65.0,NYJ,3.1465517241379217,away,4000,0.0
MICHAEL GALLUP,WR,DAL,74.0,ATL,1.4913793103448114,home,4000,7.2
CJ HAM,FB,MIN,72.0,LAC,0.38793103448274735,away,4000,4.3
PATRICK RICARD,FB,BAL,72.0,MIA,1.7672413793103345,away,4000,0.0
TAIWAN JONES,RB,BUF,67.0,NYJ,3.1465517241379217,away,4000,0.0
DEREK WATT,RB,PIT,67.0,DET,2.8706896551723986,home,4000,1.9
JERICK MCKINNON,RB,KC,67.0,LV,-0.4396551724138078,away,4000,4.2
COREY CLEMENT,RB,DAL,67.0,ATL,1.4913793103448114,home,4000,3.5
NICK BELLORE,RB,SEA,67.0,GB,-1.5431034482758719,away,4000,0.0
BENNY SNELL,RB,PIT,67.0,DET,2.8706896551723986,home,4000,0.4
TY'SON WILLIAMS,RB,BAL,74.0,MIA,1.7672413793103345,away,4000,0.0
SALVON AHMED,RB,MIA,69.0,BAL,0.9396551724137794,home,4000,2.5
DERRICK GORE,RB,KC,70.0,LV,-0.4396551724138078,away,4000,1.9
TRENTON CANNON,RB,SF,67.0,LAR,-0.7155172413793167,home,4000,0.0
ANDY JANOVICH,RB,CLE,67.0,NE,-1.5431034482758719,away,4000,0.0
CHRIS STREVELER,QB,BAL,65.0,MIA,1.7672413793103345,home,4000,1.84
JOSHUA KELLEY,RB,LAC,67.0,MIN,1.2155172413793025,home,4000,0.6
PATRICK LAIRD,RB,MIA,66.0,BAL,0.9396551724137794,home,4000,1.2
DARE OGUNBOWALE,RB,JAX,66.0,IND,0.38793103448274735,away,4000,0.0
JJ TAYLOR,RB,NE,71.0,CLE,-1.5431034482758719,home,4000,1.1
DAMAREA CROCKETT,RB,DEN,65.0,PHI,0.6637931034482705,home,4000,0.0
DWAYNE WASHINGTON,RB,NO,65.0,TEN,0.11206896551723844,away,4000,0.8
KE'SHAWN VAUGHN,RB,TB,66.0,WAS,2.0431034482758577,away,4000,0.0
RONALD JONES,RB,TB,70.0,WAS,2.0431034482758577,away,4000,0.0
PATRICK TAYLOR,RB,GB,67.0,SEA,1.2155172413793025,home,4000,0.7
BRIAN HOYER,QB,NE,66.0,CLE,-1.5431034482758719,home,4000,7.2
MARCUS MARIOTA,QB,LV,67.0,KC,1.2155172413793025,home,4000,0.0
WAYNE GALLMAN,RB,ATL,67.0,DAL,0.9396551724137794,away,4000,8.6
KALEN BALLAGE,RB,PIT,67.0,DET,2.8706896551723986,home,4000,0.0
MATT BREIDA,RB,BUF,65.0,NYJ,3.1465517241379217,away,4000,19.0
DEONTE HARRIS,WR,NO,77.0,TEN,0.11206896551723844,away,4000,11.0
GODWIN IGWEBUIKE,RB,DET,67.0,PIT,-0.9913793103448398,away,4000,11.6
JERMAR JEFFERSON,RB,DET,73.0,PIT,-0.9913793103448398,away,4000,10.1
D'ONTA FOREMAN,RB,TEN,69.0,NO,-1.2672413793103487,home,4000,9.8
CHAD HENNE,QB,KC,70.0,LV,-0.4396551724138078,away,4000,-0.2
AMEER ABDULLAH,RB,CAR,68.0,ARI,-3.198275862068968,away,4000,9.1
BUDDY HOWELL,RB,LAR,67.0,SF,-0.16379310344828468,away,4000,0.0
KENE NWANGWU,RB,MIN,67.0,LAC,0.38793103448274735,away,4000,0.0
LARRY ROUNTREE,RB,LAC,66.0,MIN,1.2155172413793025,home,4000,7.0
DAVIS WEBB,QB,BUF,70.0,NYJ,3.1465517241379217,away,4000,-0.3
TEVIN COLEMAN,RB,NYJ,67.0,BUF,-4.853448275862078,home,4000,5.3
JOHNNY STANTON,RB,CLE,67.0,NE,-1.5431034482758719,away,4000,0.0
JARET PATTERSON,RB,WAS,67.0,TB,-0.4396551724138078,home,4000,0.7
TAJAE SHARPE,WR,ATL,70.0,DAL,0.9396551724137794,away,3900,1.0
PAT FREIERMUTH,TE,PIT,84.0,DET,2.8706896551723986,home,3900,7.1
MECOLE HARDMAN,WR,KC,76.0,LV,-0.4396551724138078,away,3900,5.0
AMONRA ST BROWN,WR,DET,73.0,PIT,-0.9913793103448398,away,3800,10.1
RICKY SEALSJONES,TE,WAS,73.0,TB,-0.4396551724138078,home,3700,6.0
JALEN GUYTON,WR,LAC,69.0,MIN,1.2155172413793025,home,3600,0.0
QUEZ WATKINS,WR,PHI,74.0,DEN,-2.370689655172427,away,3600,7.3
CEDRICK WILSON,WR,DAL,75.0,ATL,1.4913793103448114,home,3500,0.0
ADAM HUMPHRIES,WR,WAS,69.0,TB,-0.4396551724138078,home,3500,1.5
JALEN REAGOR,WR,PHI,72.0,DEN,-2.370689655172427,away,3500,1.4
JAMES WASHINGTON,WR,PIT,69.0,DET,2.8706896551723986,home,3500,9.5
DAN ARNOLD,TE,JAX,73.0,IND,0.38793103448274735,away,3500,13.7
MARQUEZ VALDESSCANTLING,WR,GB,72.0,SEA,1.2155172413793025,home,3500,5.1
KJ OSBORN,WR,MIN,77.0,LAC,0.38793103448274735,away,3400,0.0
GABRIEL DAVIS,WR,BUF,70.0,NYJ,3.1465517241379217,away,3400,16.5
BYRON PRINGLE,WR,KC,69.0,LV,-0.4396551724138078,away,3400,14.6
DEVIN DUVERNAY,WR,BAL,72.0,MIA,1.7672413793103345,away,3400,8.7
TYLER CONKLIN,TE,MIN,83.0,LAC,0.38793103448274735,away,3400,16.1
MALIK TURNER,WR,DAL,70.0,ATL,1.4913793103448114,home,3400,1.7
ALBERT OKWUEGBUNAM,TE,DEN,76.0,PHI,0.6637931034482705,home,3300,10.7
RASHARD HIGGINS,WR,CLE,69.0,NE,-1.5431034482758719,away,3300,0.0
KENNY STILLS,WR,NO,69.0,TEN,0.11206896551723844,away,3300,0.0
TYLER JOHNSON,WR,TB,70.0,WAS,2.0431034482758577,away,3300,4.7
TERRACE MARSHALL,WR,CAR,69.0,ARI,-3.198275862068968,away,3200,2.0
DAVID NJOKU,TE,CLE,81.0,NE,-1.5431034482758719,away,3200,2.1
GREG WARD,WR,PHI,67.0,DEN,-2.370689655172427,away,3200,0.0
KEELAN COLE,WR,NYJ,72.0,BUF,-4.853448275862078,home,3200,2.8
NICK WESTBROOK,WR,TEN,69.0,NO,-1.2672413793103487,home,3200,2.0
JARED COOK,TE,LAC,73.0,MIN,1.2155172413793025,home,3200,2.0
MO ALIECOX,TE,IND,78.0,JAX,1.4913793103448114,home,3100,1.6
JACK DOYLE,TE,IND,73.0,JAX,1.4913793103448114,home,3100,6.1
KENDALL HINTON,WR,DEN,70.0,PHI,0.6637931034482705,home,3100,0.0
DEMARCUS ROBINSON,WR,KC,69.0,LV,-0.4396551724138078,away,3100,5.3
ZAY JONES,WR,LV,69.0,KC,1.2155172413793025,home,3100,3.2
MACK HOLLINS,WR,MIA,69.0,BAL,0.9396551724137794,home,3100,0.0
DYAMI BROWN,WR,WAS,68.0,TB,-0.4396551724138078,home,3100,0.0
CHESTER ROGERS,WR,TEN,69.0,NO,-1.2672413793103487,home,3100,1.9
DAX MILNE,WR,WAS,66.0,TB,-0.4396551724138078,home,3000,3.2
DEZ FITZPATRICK,WR,TEN,65.0,NO,-1.2672413793103487,home,3000,1.0
JAUAN JENNINGS,WR,SF,67.0,LAR,-0.7155172413793167,home,3000,1.3
BEN SKOWRONEK,WR,LAR,66.0,SF,-0.16379310344828468,away,3000,1.8
FRANK DARBY,WR,ATL,65.0,DAL,0.9396551724137794,away,3000,2.4
ASHTON DULIN,WR,IND,67.0,JAX,1.4913793103448114,home,3000,2.6
MARCUS KEMP,WR,KC,65.0,LV,-0.4396551724138078,away,3000,2.6
ADAM TRAUTMAN,TE,NO,72.0,TEN,0.11206896551723844,away,3000,8.2
LAQUON TREADWELL,WR,JAX,65.0,IND,0.38793103448274735,away,3000,2.8
NOAH BROWN,WR,DAL,68.0,ATL,1.4913793103448114,home,3000,2.8
CAM SIMS,WR,WAS,67.0,TB,-0.4396551724138078,home,3000,3.0
MALIK TAYLOR,WR,GB,65.0,SEA,1.2155172413793025,home,3000,0.0
TY MONTGOMERY,WR,NO,67.0,TEN,0.11206896551723844,away,3000,0.2
PENNY HART,WR,SEA,65.0,GB,-1.5431034482758719,away,3000,0.0
N'KEAL HARRY,WR,NE,65.0,CLE,-1.5431034482758719,home,3000,3.6
TRINITY BENSON,WR,DET,67.0,PIT,-0.9913793103448398,away,3000,3.7
BRANDON ZYLSTRA,WR,CAR,65.0,ARI,-3.198275862068968,away,3000,3.8
JAELON DARDEN,WR,TB,67.0,WAS,2.0431034482758577,away,3000,3.9
BRAXTON BERRIOS,WR,NYJ,72.0,BUF,-4.853448275862078,home,3000,4.9
MARCUS JOHNSON,WR,TEN,65.0,NO,-1.2672413793103487,home,3000,18.0
RAYRAY MCCLOUD,WR,PIT,67.0,DET,2.8706896551723986,home,3000,15.3
JOSH PALMER,WR,LAC,65.0,MIN,1.2155172413793025,home,3000,5.2
DEANDRE CARTER,WR,WAS,71.0,TB,-0.4396551724138078,home,3000,15.0
ALBERT WILSON,WR,MIA,65.0,BAL,0.9396551724137794,home,3000,14.6
ISAIAH FORD,WR,MIA,65.0,BAL,0.9396551724137794,home,3000,12.4
ISAIAH MCKENZIE,WR,BUF,66.0,NYJ,3.1465517241379217,away,3000,9.9
D'WAYNE ESKRIDGE,WR,SEA,65.0,GB,-1.5431034482758719,away,3000,0.6
ANTHONY SCHWARTZ,WR,CLE,68.0,NE,-1.5431034482758719,away,3000,0.0
TYRIE CLEVELAND,WR,DEN,65.0,PHI,0.6637931034482705,home,3000,0.0
TRAVIS BENJAMIN,WR,SF,65.0,LAR,-0.7155172413793167,home,3000,0.0
FREDDIE SWAIN,WR,SEA,72.0,GB,-1.5431034482758719,away,3000,0.0
MILES BOYKIN,WR,BAL,65.0,MIA,1.7672413793103345,away,3000,0.0
KHADAREL HODGE,WR,DET,67.0,PIT,-0.9913793103448398,away,3000,0.0
CHRISTIAN BLAKE,WR,ATL,65.0,DAL,0.9396551724137794,away,3000,0.0
DEZMON PATMON,WR,IND,67.0,JAX,1.4913793103448114,home,3000,0.0
ALEX ERICKSON,WR,CAR,66.0,ARI,-3.198275862068968,away,3000,0.0
JEFF SMITH,WR,NYJ,69.0,BUF,-4.853448275862078,home,3000,0.0
JOSH GORDON,WR,KC,65.0,LV,-0.4396551724138078,away,3000,0.0
MATTHEW SLATER,WR,NE,65.0,CLE,-1.5431034482758719,home,3000,0.0
STEVEN SIMS,WR,PIT,65.0,DET,2.8706896551723986,home,3000,0.0
JJ KOSKI,WR,LAR,65.0,SF,-0.16379310344828468,away,3000,0.0
GERONIMO ALLISON,WR,DET,65.0,PIT,-0.9913793103448398,away,3000,0.0
JJ ARCEGAWHITESIDE,WR,PHI,65.0,DEN,-2.370689655172427,away,3000,0.0
DIONTAE SPENCER,WR,DEN,65.0,PHI,0.6637931034482705,home,3000,0.0
JOJO NATSON,WR,CLE,65.0,NE,-1.5431034482758719,away,3000,0.0
TAVON AUSTIN,WR,JAX,65.0,IND,0.38793103448274735,away,3000,0.0
ANTOINE WESLEY,WR,ARI,65.0,CAR,-2.922413793103459,home,3000,0.0
AMARI RODGERS,WR,GB,66.0,SEA,1.2155172413793025,home,3000,0.0
DEDE WESTBROOK,WR,MIN,65.0,LAC,0.38793103448274735,away,3000,0.0
CODY WHITE,WR,PIT,66.0,DET,2.8706896551723986,home,3000,0.0
KEVIN WHITE,WR,NO,65.0,TEN,0.11206896551723844,away,3000,0.0
TYLAN WALLACE,WR,BAL,65.0,MIA,1.7672413793103345,away,3000,0.0
GREG DORTCH,WR,ARI,65.0,CAR,-2.922413793103459,home,3000,0.0
TRENT SHERFIELD,WR,SF,67.0,LAR,-0.7155172413793167,home,3000,0.0
PRESTON WILLIAMS,WR,MIA,70.0,BAL,0.9396551724137794,home,3000,0.0
ANDRE ROBERTS,WR,LAC,65.0,MIN,1.2155172413793025,home,3000,0.0
ERIC EBRON,TE,PIT,65.0,DET,2.8706896551723986,home,2900,3.3
AUSTIN HOOPER,TE,CLE,75.0,NE,-1.5431034482758719,away,2800,12.5
HAYDEN HURST,TE,ATL,75.0,DAL,0.9396551724137794,away,2800,0.0
CAMERON BRATE,TE,TB,65.0,WAS,2.0431034482758577,away,2700,7.6
FOSTER MOREAU,TE,LV,65.0,KC,1.2155172413793025,home,2700,0.0
OJ HOWARD,TE,TB,73.0,WAS,2.0431034482758577,away,2700,0.0
ANTHONY FIRKSER,TE,TEN,65.0,NO,-1.2672413793103487,home,2600,1.2
GERALD EVERETT,TE,SEA,76.0,GB,-1.5431034482758719,away,2600,14.3
DONALD PARHAM,TE,LAC,75.0,MIN,1.2155172413793025,home,2600,2.7
TOMMY SWEENEY,TE,BUF,70.0,NYJ,3.1465517241379217,away,2600,0.0
STEPHEN ANDERSON,TE,LAC,65.0,MIN,1.2155172413793025,home,2500,0.0
JOHN BATES,TE,WAS,65.0,TB,-0.4396551724138078,home,2500,5.5
MATT LACOSSE,TE,NE,65.0,CLE,-1.5431034482758719,home,2500,0.0
DEVIN ASIASI,TE,NE,65.0,CLE,-1.5431034482758719,home,2500,0.0
ERIC SAUBERT,TE,DEN,67.0,PHI,0.6637931034482705,home,2500,0.0
ZACH GENTRY,TE,PIT,68.0,DET,2.8706896551723986,home,2500,0.0
DARRELL DANIELS,TE,ARI,65.0,CAR,-2.922413793103459,home,2500,0.0
CHARLIE WOERNER,TE,SF,67.0,LAR,-0.7155172413793167,home,2500,0.0
LUKE STOCKER,TE,MIN,65.0,LAC,0.38793103448274735,away,2500,0.0
COLBY PARKINSON,TE,SEA,65.0,GB,-1.5431034482758719,away,2500,0.0
ERIC TOMLINSON,TE,BAL,65.0,MIA,1.7672413793103345,away,2500,0.0
LUKE FARRELL,TE,JAX,67.0,IND,0.38793103448274735,away,2500,0.0
TREVON WESCO,TE,NYJ,66.0,BUF,-4.853448275862078,home,2500,0.0
ROSS DWELLEY,TE,SF,69.0,LAR,-0.7155172413793167,home,2500,0.0
JUWAN JOHNSON,TE,NO,74.0,TEN,0.11206896551723844,away,2500,5.6
ADAM SHAHEEN,TE,MIA,65.0,BAL,0.9396551724137794,home,2500,6.4
GEOFF SWAIM,TE,TEN,65.0,NO,-1.2672413793103487,home,2500,6.6
NOAH GRAY,TE,KC,65.0,LV,-0.4396551724138078,away,2500,7.1
MYCOLE PRUITT,TE,TEN,65.0,NO,-1.2672413793103487,home,2500,7.2
DEMETRIUS HARRIS,TE,ARI,65.0,CAR,-2.922413793103459,home,2500,0.0
RYAN GRIFFIN,TE,NYJ,65.0,BUF,-4.853448275862078,home,2500,3.1
IAN THOMAS,TE,CAR,71.0,ARI,-3.198275862068968,away,2500,0.0
BROCK WRIGHT,TE,DET,65.0,PIT,-0.9913793103448398,away,2500,1.2
JOSIAH DEGUARA,TE,GB,67.0,SEA,1.2155172413793025,home,2500,2.9
JACK STOLL,TE,PHI,65.0,DEN,-2.370689655172427,away,2500,2.6
KYLEN GRANSON,TE,IND,67.0,JAX,1.4913793103448114,home,2500,2.5
DURHAM SMYTHE,TE,MIA,72.0,BAL,0.9396551724137794,home,2500,3.3
CHRIS HERNDON,TE,MIN,65.0,LAC,0.38793103448274735,away,2500,2.4
SEAN MCKEON,TE,DAL,65.0,ATL,1.4913793103448114,home,2500,3.5
TYLER DAVIS,TE,GB,65.0,SEA,1.2155172413793025,home,2500,1.4
TOMMY TREMBLE,TE,CAR,72.0,ARI,-3.198275862068968,away,2500,1.3
HARRISON BRYANT,TE,CLE,70.0,NE,-1.5431034482758719,away,2500,3.8
MARCEDES LEWIS,TE,GB,65.0,SEA,1.2155172413793025,home,2500,3.0
KENDALL BLANTON,TE,LAR,65.0,SF,-0.16379310344828468,away,2500,1.2
BLAKE BELL,TE,KC,67.0,LV,-0.4396551724138078,away,2500,0.3
JEREMY SPRINKLE,TE,DAL,65.0,ATL,1.4913793103448114,home,2500,0.0
TRE' MCKITTY,TE,LAC,65.0,MIN,1.2155172413793025,home,2500,0.0
GARRETT GRIFFIN,TE,NO,65.0,TEN,0.11206896551723844,away,2500,0.0
CHRIS MANHERTZ,TE,JAX,68.0,IND,0.38793103448274735,away,2500,0.0
DARREN FELLS,TE,TB,65.0,WAS,2.0431034482758577,away,2500,0.0
ANDREW BECK,TE,DEN,65.0,PHI,0.6637931034482705,home,2500,0.0
JOSH OLIVER,TE,BAL,68.0,MIA,1.7672413793103345,away,2500,0.0
WILL DISSLY,TE,SEA,72.0,GB,-1.5431034482758719,away,2500,4.2
JAMES WINCHESTER,TE,KC,65.0,LV,-0.4396551724138078,away,2500,0.0
CETHAN CARTER,TE,MIA,65.0,BAL,0.9396551724137794,home,2500,0.0
